City_ID,City,Country,Lat,Lng,Max Temp,Humidity,Cloudiness,Wind Speed,Current Description
0,Karratha,AU,-20.7377,116.8463,93.63,39,57,12.28,broken clouds
1,Oussouye,SN,12.485,-16.5469,71.78,60,72,10.85,broken clouds
2,Punta Arenas,CL,-53.15,-70.9167,48.31,61,75,29.93,broken clouds
3,Narsaq,GL,60.9167,-46.05,18.59,75,100,18.68,snow
4,Geraldton,AU,-28.7667,114.6,80.13,65,0,14.97,clear sky
5,Busselton,AU,-33.65,115.3333,70.05,51,100,18.61,overcast clouds
6,Kloulklubed,PW,7.0419,134.2556,82.36,71,100,14.9,overcast clouds
7,Bredasdorp,ZA,-34.5322,20.0403,71.28,87,100,10.89,overcast clouds
8,Palmar,CR,9.8728,-84.4553,77.07,82,7,3.13,clear sky
9,San Policarpo,PH,12.1791,125.5072,80.28,80,8,4.0,clear sky
10,Rikitea,PF,-23.1203,-134.9692,77.27,65,100,4.88,overcast clouds
11,Mataura,NZ,-46.1927,168.8643,72.48,48,72,2.26,broken clouds
12,Georgetown,MY,5.4112,100.3354,80.89,84,20,1.14,few clouds
13,Vaini,TO,-21.2,-175.2,80.89,74,100,12.03,light rain
14,Airai,TL,-8.9266,125.4092,69.24,70,98,5.41,overcast clouds
15,Roebourne,AU,-20.7833,117.1333,97.77,30,48,5.79,scattered clouds
16,Grindavik,IS,63.8424,-22.4338,28.87,64,75,29.93,broken clouds
17,Carballo,ES,43.213,-8.691,44.87,91,0,4.14,clear sky
18,Bayji,IQ,34.9311,43.487,45.36,65,0,6.24,clear sky
19,Avarua,CK,-21.2078,-159.775,75.25,94,100,6.91,light rain
20,Tuktoyaktuk,CA,69.4541,-133.0374,-4.18,96,100,16.96,overcast clouds
21,Butaritari,KI,3.0707,172.7902,81.95,76,79,20.56,light rain
22,Monteagudo,BO,-19.8167,-63.9833,71.96,50,100,1.86,light rain
23,Upernavik,GL,72.7868,-56.1549,-6.56,98,100,2.8,overcast clouds
24,Hithadhoo,MV,-0.6,73.0833,82.04,71,2,11.07,clear sky
25,Zhuhai,CN,22.2769,113.5678,58.98,76,40,19.57,scattered clouds
26,Cape Town,ZA,-33.9258,18.4232,71.35,79,100,3.0,overcast clouds
27,Haines Junction,CA,60.7522,-137.5108,-1.07,99,38,3.31,scattered clouds
28,Guanagazapa,GT,14.2253,-90.6433,77.76,67,19,2.21,few clouds
29,East London,ZA,-33.0153,27.9116,73.31,85,100,12.33,overcast clouds
30,Simpang,ID,-1.2667,104.0833,78.62,89,92,3.36,overcast clouds
31,Lompoc,US,34.6391,-120.4579,65.12,72,20,5.75,few clouds
32,Hobart,AU,-42.8794,147.3294,81.27,56,20,1.01,few clouds
33,Charters Towers,AU,-20.1,146.2667,87.3,50,2,8.32,clear sky
34,Sokoto,NG,13.0609,5.239,66.02,12,5,14.14,clear sky
35,San Patricio,US,28.017,-97.5169,64.81,75,100,10.45,overcast clouds
36,Hermanus,ZA,-34.4187,19.2345,71.8,83,100,14.83,overcast clouds
37,Beringovskiy,RU,63.05,179.3167,-5.67,96,100,10.78,overcast clouds
38,Najran,SA,17.4924,44.1277,54.25,31,2,3.24,clear sky
39,Zhigansk,RU,66.7697,123.3711,-33.27,100,96,1.23,overcast clouds
40,Clyde River,CA,70.4692,-68.5914,-25.37,68,40,3.44,scattered clouds
41,Syedove,UA,47.0768,38.156,33.01,97,100,17.78,light snow
42,Opuwo,NA,-18.0607,13.84,62.1,53,100,4.59,overcast clouds
43,Paracuru,BR,-3.41,-39.0306,82.42,81,93,12.55,overcast clouds
44,Qinhuangdao,CN,39.9317,119.5883,28.8,90,95,8.16,light snow
45,Tena,EC,-0.9833,-77.8167,70.9,98,100,3.0,light rain
46,Saint-Philippe,RE,-21.3585,55.7679,74.79,86,52,10.54,broken clouds
47,Vao,NC,-22.6667,167.4833,79.41,83,92,7.27,overcast clouds
48,Pandharpur,IN,17.6667,75.3333,66.4,30,0,5.3,clear sky
49,Kathu,TH,7.9178,98.3332,84.69,82,0,6.73,clear sky
50,Alofi,NU,-19.0595,-169.9187,73.36,89,100,9.15,moderate rain
51,Yellowknife,CA,62.456,-114.3525,-8.59,95,100,8.28,overcast clouds
52,Lagoa,PT,39.05,-27.9833,58.44,74,2,25.26,clear sky
53,Kapaa,US,22.0752,-159.319,79.12,68,20,1.01,few clouds
54,Nikolskoye,RU,59.7035,30.7861,27.39,97,100,5.19,light snow
55,Husavik,IS,66.0449,-17.3389,22.08,60,100,34.4,overcast clouds
56,Bethel,US,41.3712,-73.414,21.49,67,0,0.0,clear sky
57,Ushuaia,AR,-54.8,-68.3,44.26,70,75,23.02,broken clouds
58,Comachuen,MX,19.6167,-101.9,60.89,68,13,2.66,few clouds
59,Port Hardy,CA,50.6996,-127.4199,41.18,81,75,8.05,light intensity shower rain
60,Horsham,GB,51.064,-0.3272,47.71,80,20,16.11,few clouds
61,Cayenne,GF,4.9333,-52.3333,79.09,85,0,1.99,clear sky
62,Waingapu,ID,-9.6567,120.2641,83.62,70,100,16.87,overcast clouds
63,Atuona,PF,-9.8,-139.0333,78.06,78,29,16.6,light rain
64,Port Elizabeth,ZA,-33.918,25.5701,67.1,91,100,8.81,overcast clouds
65,Dabakala,CI,8.3667,-4.4333,74.48,17,77,4.25,broken clouds
66,Hilo,US,19.7297,-155.09,79.25,63,20,3.44,few clouds
67,Lakki Marwat,PK,32.6079,70.9114,52.88,42,0,1.52,clear sky
68,Albany,US,42.6001,-73.9662,14.65,51,48,3.83,scattered clouds
69,Mahebourg,MU,-20.4081,57.7,79.09,94,75,8.05,broken clouds
70,Leningradskiy,RU,69.3833,178.4167,-14.39,95,83,4.09,broken clouds
71,Pacific Grove,US,36.6177,-121.9166,62.42,82,0,5.99,clear sky
72,Jamestown,US,42.097,-79.2353,15.44,79,100,0.0,overcast clouds
73,Pangnirtung,CA,66.1451,-65.7125,-20.76,85,93,5.08,overcast clouds
74,Carnarvon,AU,-24.8667,113.6333,83.8,54,5,21.7,clear sky
75,Finschhafen,PG,-6.6024,147.8681,86.36,69,84,7.36,broken clouds
76,Port Alfred,ZA,-33.5906,26.891,72.77,89,100,14.61,overcast clouds
77,Lorengau,PG,-2.0226,147.2712,80.94,80,100,14.47,overcast clouds
78,Esperance,AU,-33.8667,121.9,69.64,74,49,18.48,scattered clouds
79,Puerto Ayora,EC,-0.7393,-90.3518,73.54,84,100,5.7,overcast clouds
80,Fairbanks,US,64.8378,-147.7164,-15.02,73,0,0.0,clear sky
81,Severobaykalsk,RU,55.65,109.3167,-8.28,95,96,2.84,overcast clouds
82,Awjilah,LY,29.1081,21.2869,53.49,68,87,11.95,overcast clouds
83,Saskylakh,RU,71.9167,114.0833,-23.13,100,94,2.82,overcast clouds
84,Namibe,AO,-15.1961,12.1522,70.92,77,83,6.67,broken clouds
85,Piacabucu,BR,-10.4056,-36.4344,79.11,81,56,8.57,broken clouds
86,Souillac,MU,-20.5167,57.5167,79.18,94,75,8.05,light rain
87,Broome,US,42.2506,-75.833,12.0,78,42,3.0,scattered clouds
88,San Rafael,AR,-34.6177,-68.3301,77.65,25,0,13.67,clear sky
89,Rocha,UY,-34.4833,-54.3333,67.21,83,0,10.47,clear sky
90,Norman Wells,CA,65.282,-126.8329,-10.16,97,100,5.59,overcast clouds
91,Sao Filipe,CV,14.8961,-24.4956,71.44,71,100,12.28,overcast clouds
92,Mirnyy,RU,62.5353,113.9611,-22.77,67,97,4.0,overcast clouds
93,Mar Del Plata,AR,-38.0023,-57.5575,67.87,75,100,13.0,overcast clouds
94,Khatanga,RU,71.9667,102.5,-5.21,98,98,8.88,overcast clouds
95,Vredendal,ZA,-31.6683,18.5012,78.4,41,100,4.85,overcast clouds
96,Bereda,ES,43.2686,-7.5406,45.91,100,90,4.97,overcast clouds
97,Bambous Virieux,MU,-20.3428,57.7575,79.05,94,75,8.05,light rain
98,Menongue,AO,-14.6585,17.691,61.68,93,100,4.34,overcast clouds
99,Provideniya,RU,64.3833,-173.3,10.51,61,0,20.13,clear sky
100,La Ronge,CA,55.1001,-105.2842,8.42,98,94,3.31,overcast clouds
101,Abay,KZ,49.6311,72.8539,12.58,94,100,10.2,overcast clouds
102,Daru,PG,-9.0763,143.2092,78.89,83,100,5.59,overcast clouds
103,Antequera,ES,37.0194,-4.5612,53.46,28,50,1.88,scattered clouds
104,Cockburn Town,TC,21.4612,-71.1419,75.56,73,98,20.24,overcast clouds
105,Baykit,RU,61.67,96.37,-1.43,99,100,0.38,overcast clouds
106,Badulla,LK,6.9895,81.0557,67.91,96,79,2.84,broken clouds
107,Kenai,US,60.5544,-151.2583,24.89,92,0,0.0,clear sky
108,Kununurra,AU,-15.7667,128.7333,84.18,70,100,19.57,overcast clouds
109,Flin Flon,CA,54.7682,-101.865,9.05,96,95,5.75,overcast clouds
110,Gabriel Leyva Solano,MX,25.6667,-108.6417,69.62,31,9,11.45,clear sky
111,Bluff,NZ,-46.6,168.3333,72.81,84,92,5.37,overcast clouds
112,Roma,US,43.2128,-75.4557,8.89,73,40,0.0,scattered clouds
113,Vila,PT,42.0304,-8.1588,41.94,54,0,3.62,clear sky
114,Tasiilaq,GL,65.6145,-37.6368,-2.87,56,100,8.46,overcast clouds
115,Puri,IN,19.8,85.85,55.92,67,3,5.64,clear sky
116,Keti Bandar,PK,24.1447,67.4497,70.95,85,0,13.0,clear sky
117,Igrim,RU,63.1906,64.4162,-8.34,100,100,3.15,overcast clouds
118,Yaan,NG,7.3833,8.5667,77.63,14,100,8.32,overcast clouds
119,Kurilsk,RU,45.2333,147.8833,19.54,58,100,19.93,overcast clouds
120,Da Nang,VN,16.0678,108.2208,69.78,94,75,3.44,broken clouds
121,Gerash,IR,27.6652,54.1371,44.74,51,2,4.9,clear sky
122,Pevek,RU,69.7008,170.3133,-16.74,99,95,2.84,overcast clouds
123,Porto Tolle,IT,44.9497,12.3245,37.42,78,7,4.52,clear sky
124,Farafangana,MG,-22.8167,47.8333,74.08,77,30,3.42,scattered clouds
125,Nara,JP,34.6851,135.8049,42.08,54,23,5.82,few clouds
126,Shakawe,BW,-18.3667,21.85,66.16,95,100,7.65,light rain
127,Miri,MY,4.4148,114.0089,78.94,89,20,5.75,light rain
128,Namatanai,PG,-3.6667,152.4333,84.15,72,97,4.68,light rain
129,Hami,CN,42.8,93.45,21.13,43,78,1.59,broken clouds
130,Shingu,JP,33.7333,135.9833,45.59,41,0,5.28,clear sky
131,Vila Franca Do Campo,PT,37.7167,-25.4333,59.41,81,99,14.54,overcast clouds
132,New Norfolk,AU,-42.7826,147.0587,80.91,31,0,3.0,clear sky
133,Saint-Francois,FR,46.4154,3.9054,38.64,100,100,2.3,overcast clouds
134,Portobelo,PA,9.55,-79.65,78.04,75,19,11.9,few clouds
135,Havelock,US,34.8791,-76.9013,46.94,71,48,5.79,scattered clouds
136,Barrow,US,71.2906,-156.7887,-9.38,77,40,9.22,scattered clouds
137,Chuy,UY,-33.6971,-53.4616,70.63,78,0,12.64,clear sky
138,Kavieng,PG,-2.5744,150.7967,83.14,71,100,1.28,light rain
139,Los Llanos De Aridane,ES,28.6585,-17.9182,58.75,67,0,9.22,clear sky
140,Standerton,ZA,-26.9337,29.2415,61.61,98,100,2.48,light rain
141,Nelson Bay,AU,-32.7167,152.15,86.76,76,92,3.0,overcast clouds
142,Nicoya,CR,10.1483,-85.452,78.35,65,6,12.75,clear sky
143,Xining,CN,36.6167,101.7667,10.0,68,100,1.63,overcast clouds
144,Hambantota,LK,6.1241,81.1185,75.33,89,19,11.97,few clouds
145,Hovd,MN,48.0056,91.6419,-14.85,82,57,2.35,broken clouds
146,Brae,GB,60.3964,-1.353,39.11,98,100,4.72,overcast clouds
147,Middle Island,US,40.8843,-72.9373,23.25,64,0,3.44,clear sky
148,Lebu,CL,-37.6167,-73.65,57.78,72,1,20.0,clear sky
149,Balikpapan,ID,-1.2675,116.8289,77.99,89,20,3.44,moderate rain
150,Baie-Comeau,CA,49.2168,-68.1489,11.68,43,0,9.22,clear sky
151,Terre-De-Bas,GP,15.8501,-61.6442,72.91,74,7,12.62,clear sky
152,Talnakh,RU,69.4865,88.3972,-15.99,93,83,9.17,broken clouds
153,Ahipara,NZ,-35.1667,173.1667,75.83,55,100,14.56,light rain
154,Auki,SB,-8.7676,160.7034,86.45,67,99,4.45,overcast clouds
155,Presidencia Roque Saenz Pena,AR,-26.7852,-60.4388,76.01,22,0,4.38,clear sky
156,Loei,TH,17.4167,101.5,60.44,56,6,1.81,clear sky
157,Kapit,MY,2.0167,112.9333,76.51,94,100,1.05,overcast clouds
158,Saint-Augustin,CA,51.226,-58.6502,10.8,81,100,23.42,overcast clouds
159,Qaanaaq,GL,77.484,-69.3632,-3.73,91,100,4.92,overcast clouds
160,Bilibino,RU,68.0546,166.4372,-9.24,95,76,5.19,broken clouds
161,Port Lincoln,AU,-34.7333,135.8667,73.02,66,2,7.05,clear sky
162,Novosokolniki,RU,56.3463,30.1578,28.87,99,100,1.61,overcast clouds
163,Kodiak,US,57.79,-152.4072,26.11,74,0,9.22,clear sky
164,Rincon,US,32.296,-81.2354,50.45,46,0,8.05,clear sky
165,Zinder,NE,13.8072,8.9881,58.62,16,6,13.98,clear sky
166,Bud,US,39.447,-86.1758,30.45,74,100,5.14,overcast clouds
167,Progreso,MX,21.2833,-89.6667,69.12,61,0,12.75,clear sky
168,Goderich,CA,43.7501,-81.7165,25.92,73,97,5.75,overcast clouds
169,Dikson,RU,73.5069,80.5464,-5.37,94,100,22.24,overcast clouds
170,Barentu,ER,15.1139,37.5928,63.57,61,0,2.24,clear sky
171,Srednekolymsk,RU,67.45,153.6833,-29.25,100,100,0.81,overcast clouds
172,Teya,RU,60.3778,92.6267,-2.74,99,100,2.55,overcast clouds
173,College,US,64.8569,-147.8028,-15.02,73,0,0.0,clear sky
174,Vostok,RU,46.4856,135.8833,-3.12,86,11,2.82,few clouds
175,Moche,PE,-8.1711,-79.0092,66.38,82,75,10.36,broken clouds
176,Takoradi,GH,4.8845,-1.7554,78.04,82,14,3.89,few clouds
177,Yagoua,CM,10.3411,15.2329,65.14,20,4,7.92,clear sky
178,Pasighat,IN,28.0667,95.3333,51.24,61,5,2.64,clear sky
179,Constitucion,CL,-35.3333,-72.4167,57.85,81,0,15.82,clear sky
180,Vanavara,RU,60.34,102.2797,-16.65,100,100,2.06,overcast clouds
181,Iwanai,JP,42.9744,140.5089,20.79,72,100,9.53,light snow
182,Salalah,OM,17.0151,54.0924,68.09,60,0,3.44,clear sky
183,Batemans Bay,AU,-35.7167,150.1833,85.19,66,93,7.76,overcast clouds
184,Praia,CV,14.9215,-23.5087,70.34,68,75,19.57,broken clouds
185,Chernyshevskiy,RU,63.0128,112.4714,-17.73,100,95,2.01,overcast clouds
186,Pocone,BR,-16.2567,-56.6228,72.73,95,100,6.02,overcast clouds
187,Matay,EG,28.419,30.7792,49.42,55,52,8.48,broken clouds
188,Chokurdakh,RU,70.6333,147.9167,-29.49,97,18,2.26,few clouds
189,Kautokeino,NO,69.0125,23.0412,-10.48,99,24,2.55,few clouds
190,Castro,BR,-24.7911,-50.0119,62.31,99,100,8.37,overcast clouds
191,Anapolis,BR,-16.3267,-48.9528,70.27,88,40,4.61,scattered clouds
192,Chipiona,ES,36.7366,-6.437,51.31,56,97,3.04,overcast clouds
193,Sahibganj,IN,25.25,87.65,53.58,68,0,1.57,clear sky
194,Turka,UA,49.1541,23.0297,30.79,92,100,18.05,light snow
195,Faanui,PF,-16.4833,-151.75,81.0,68,0,10.51,clear sky
196,Nouadhibou,MR,20.931,-17.0347,64.38,63,100,17.27,overcast clouds
197,Abu Samrah,SY,35.3029,37.1841,41.95,77,100,1.79,overcast clouds
198,Severo-Kurilsk,RU,50.6789,156.125,28.38,95,100,6.46,snow
199,Longyearbyen,SJ,78.2186,15.6401,8.44,66,0,19.57,clear sky
200,Akcaabat,TR,41.0212,39.5715,55.27,30,75,13.8,broken clouds
201,Sterling,US,39.0062,-77.4286,30.49,61,100,0.0,overcast clouds
202,Tak Bai,TH,6.2595,102.0546,79.29,82,77,5.95,broken clouds
203,Tuatapere,NZ,-46.1333,167.6833,72.82,64,80,5.73,broken clouds
204,Mafinga,TZ,-7.25,35.0667,66.18,95,100,3.0,light rain
205,General Roca,AR,-39.0333,-67.5833,72.0,14,5,18.14,clear sky
206,Rio Gallegos,AR,-51.6226,-69.2181,51.85,43,75,26.46,broken clouds
207,Bonavista,CA,48.6499,-53.1147,37.11,75,61,33.4,broken clouds
208,Kaitangata,NZ,-46.2817,169.8464,68.94,71,58,6.78,broken clouds
209,Capreol,CA,46.706,-80.9225,14.47,73,100,6.91,overcast clouds
210,Mount Gambier,AU,-37.8333,140.7667,71.51,78,40,5.75,scattered clouds
211,Jumla,NP,29.2747,82.1838,34.2,45,0,3.87,clear sky
212,Nouakchott,MR,18.0858,-15.9785,71.53,62,100,14.7,overcast clouds
213,Arraial Do Cabo,BR,-22.9661,-42.0278,75.52,92,100,7.31,moderate rain
214,Martan-Chu,RU,43.0637,45.5622,31.89,74,1,4.38,clear sky
215,Coquimbo,CL,-29.9533,-71.3436,62.33,88,0,5.75,clear sky
216,Klaksvik,FO,62.2266,-6.589,34.72,53,98,39.53,overcast clouds
217,Carhuamayo,PE,-10.9167,-76.0333,37.11,84,100,5.44,overcast clouds
218,Hvide Sande,DK,56.0045,8.1294,39.0,80,100,12.84,overcast clouds
219,Lufilufi,WS,-13.8745,-171.5986,91.18,75,98,8.75,light rain
220,Ambilobe,MG,-13.2,49.05,73.42,95,94,1.05,overcast clouds
221,Wamba,NG,8.9333,8.6,66.85,17,93,4.03,overcast clouds
222,Doha,QA,25.2867,51.5333,62.58,69,0,6.91,clear sky
223,Andros Town,BS,24.7,-77.7667,64.36,59,93,11.68,overcast clouds
224,Yulara,AU,-25.2406,130.9889,73.35,89,100,17.56,overcast clouds
225,Weligama,LK,5.9667,80.4167,74.64,93,27,3.06,scattered clouds
226,Nabire,ID,-3.3667,135.4833,81.14,69,100,1.25,overcast clouds
227,Victoria,HK,22.2855,114.1577,59.32,78,100,3.0,overcast clouds
228,Noumea,NC,-22.2763,166.4572,84.18,80,100,8.14,overcast clouds
229,Letlhakane,BW,-21.4167,25.5833,70.48,79,100,13.98,overcast clouds
230,Aloleng,PH,16.1307,119.7824,79.84,68,13,11.12,few clouds
231,Mackay,AU,-21.15,149.2,89.69,75,36,11.36,scattered clouds
232,Ploemeur,FR,47.7333,-3.4333,48.81,98,75,6.91,broken clouds
233,Pandan,PH,14.0453,124.1694,78.49,84,98,15.97,moderate rain
234,Nanortalik,GL,60.1432,-45.2371,19.22,76,100,21.05,overcast clouds
235,Torbay,CA,47.6666,-52.7314,36.57,81,100,8.01,overcast clouds
236,Aswan,EG,24.0934,32.907,53.62,44,100,9.82,overcast clouds
237,Saint George,US,37.1041,-113.5841,57.79,18,0,0.0,clear sky
238,Ca Mau,VN,9.1769,105.15,80.1,71,2,8.77,clear sky
239,Port Hawkesbury,CA,45.6169,-61.3485,23.88,77,100,5.01,overcast clouds
240,Novaya Igirma,RU,57.1334,103.9112,-10.93,100,93,1.32,overcast clouds
241,Demyansk,RU,57.643,32.466,23.52,95,100,6.04,snow
242,Kayseri,TR,38.737,35.4968,28.42,86,75,0.0,mist
243,Broken Hill,AU,-31.95,141.4333,82.31,55,100,5.97,overcast clouds
244,Dingle,PH,10.9995,122.6711,81.32,77,6,6.82,clear sky
245,Phan Thiet,VN,10.9333,108.1,78.39,71,52,11.92,broken clouds
246,Thompson,CA,55.7435,-97.8558,-5.31,100,95,4.88,overcast clouds
247,Nerekhta,RU,57.4588,40.5747,24.69,94,100,12.17,overcast clouds
248,Vila Velha,BR,-20.3297,-40.2925,80.55,86,20,3.0,few clouds
249,Bubaque,GW,11.2833,-15.8333,77.94,73,89,11.41,overcast clouds
250,Fukue,JP,32.6881,128.8419,45.28,53,1,20.04,clear sky
251,Sona,IT,45.4388,10.8255,36.95,63,7,2.75,clear sky
252,Tual,ID,-5.6667,132.75,83.88,77,100,18.63,light rain
253,Teguldet,RU,57.3064,88.1667,-6.97,98,30,3.33,scattered clouds
254,Sinnamary,GF,5.3833,-52.95,76.59,86,60,12.1,broken clouds
255,Okhotsk,RU,59.3833,143.3,12.79,75,73,15.41,broken clouds
256,Ust-Koksa,RU,50.2696,85.6108,1.45,87,100,0.89,overcast clouds
257,Huarmey,PE,-10.0681,-78.1522,70.75,86,100,7.85,overcast clouds
258,Sitka,US,57.0531,-135.33,39.09,70,20,0.0,few clouds
259,Desaguadero,PE,-16.5656,-69.0417,48.97,78,97,4.34,light rain
260,Olafsvik,IS,64.8945,-23.7142,25.79,54,100,21.09,overcast clouds
261,Cervo,ES,43.6702,-7.4101,49.96,81,100,10.65,overcast clouds
262,Kanniyakumari,IN,8.0833,77.5667,77.16,83,15,13.96,few clouds
263,San Isidro,PE,-12.1167,-77.05,72.01,80,40,1.01,scattered clouds
264,Vardo,NO,70.3705,31.1107,30.38,63,92,14.27,overcast clouds
265,Bengkulu,ID,-3.8004,102.2655,75.72,89,100,4.12,moderate rain
266,Barra Patuca,HN,15.8,-84.2833,73.49,69,100,14.27,overcast clouds
267,Khandyga,RU,62.6667,135.6,-33.18,98,89,0.43,overcast clouds
268,Youkounkoun,GN,12.5333,-13.1333,79.72,15,5,3.15,clear sky
269,Buraydah,SA,26.326,43.975,54.05,46,100,10.47,overcast clouds
270,Foz,ES,43.5692,-7.2544,50.41,88,100,5.55,overcast clouds
271,Meadow Lake,US,34.8014,-106.5436,42.67,77,100,1.3,overcast clouds
272,Kushima,JP,31.4583,131.2333,50.04,53,1,8.34,clear sky
273,Manzhouli,CN,49.6,117.4333,-10.82,94,15,5.5,few clouds
274,Lata,PT,40.1629,-8.3327,39.92,56,84,3.18,broken clouds
275,Coihaique,CL,-45.5752,-72.0662,50.61,66,75,4.61,broken clouds
276,Bucerias,MX,20.75,-105.3333,75.18,78,0,9.22,clear sky
277,Dali,CN,25.7,100.1833,38.46,85,22,2.06,few clouds
278,Boende,CD,-0.2167,20.8667,76.86,35,100,2.15,overcast clouds
279,Hasaki,JP,35.7333,140.8333,43.29,45,73,15.48,broken clouds
280,Zhicheng,CN,30.2956,111.5047,41.23,74,86,1.7,overcast clouds
281,Saldanha,ZA,-33.0117,17.9442,65.35,91,100,6.22,overcast clouds
282,Uddevalla,SE,58.3478,11.9424,35.22,58,67,2.62,broken clouds
283,Bathsheba,BB,13.2167,-59.5167,77.61,73,40,12.66,scattered clouds
284,Saint-Pierre,RE,-21.3393,55.4781,74.88,73,40,5.75,scattered clouds
285,Puerto Baquerizo Moreno,EC,-0.9,-89.6,74.57,81,100,9.19,overcast clouds
286,Ponta Do Sol,PT,32.6667,-17.1,65.12,34,0,10.0,clear sky
287,Jining,CN,35.405,116.5814,37.0,1,2,8.52,clear sky
288,Hervey Bay,AU,-25.2986,152.8535,90.03,71,17,8.21,few clouds
289,Mareeba,AU,-17.0,145.4333,85.48,74,96,1.43,overcast clouds
290,Sao Felix Do Xingu,BR,-6.6447,-51.995,69.17,97,100,1.41,overcast clouds
291,Cabo San Lucas,MX,22.8909,-109.9124,74.5,70,20,8.05,few clouds
292,Douglasville,US,33.7515,-84.7477,47.91,53,0,6.15,clear sky
293,Tiksi,RU,71.6872,128.8694,-18.6,100,100,4.29,overcast clouds
294,Suluq,LY,31.6682,20.2521,53.51,62,100,13.42,overcast clouds
295,Guerrero,MX,17.6667,-100.0,67.05,74,30,5.14,scattered clouds
296,Vasteras,SE,59.6162,16.5528,28.49,70,5,9.22,clear sky
297,Oyotun,PE,-6.8519,-79.3036,75.88,68,100,4.23,overcast clouds
298,Lafiagi,NG,8.8667,5.4167,73.08,12,73,5.46,broken clouds
299,Spring Valley,US,36.108,-115.245,61.99,17,20,3.44,few clouds
300,Cabras,IT,39.93,8.5314,52.07,86,15,7.56,few clouds
301,Alexandria,EG,31.2156,29.9553,51.85,69,13,14.67,few clouds
302,Joacaba,BR,-27.1781,-51.5047,64.63,99,59,4.99,broken clouds
303,Ribeira Grande,PT,38.5167,-28.7,59.83,72,90,22.84,overcast clouds
304,Port Hedland,AU,-20.3167,118.5667,93.25,49,100,8.05,overcast clouds
305,Wakuya,JP,38.5333,141.1333,33.76,53,19,15.86,few clouds
306,Henties Bay,NA,-22.116,14.2845,66.85,80,93,7.4,overcast clouds
307,Laguna,US,38.421,-121.4238,60.64,59,0,1.01,clear sky
308,Nemuro,JP,43.3236,145.575,18.66,62,12,14.14,few clouds
309,Madimba,TZ,-10.4,40.3333,75.31,90,11,2.93,light rain
310,Nome,US,64.5011,-165.4064,0.1,77,0,0.0,clear sky
311,San Cristobal,VE,7.7669,-72.225,68.18,91,100,2.64,overcast clouds
312,Lyuban,BY,52.7985,28.0048,28.58,95,100,16.06,light snow
313,Praia Da Vitoria,PT,38.7333,-27.0667,58.75,81,91,21.05,overcast clouds
314,Imeni Zhelyabova,RU,58.9544,36.5956,21.0,94,100,8.9,light snow
315,Cidreira,BR,-30.1811,-50.2056,73.63,71,0,18.99,clear sky
316,Bata,GQ,1.8639,9.7658,79.41,85,100,6.85,light rain
317,Ponferrada,ES,42.5466,-6.5962,48.09,32,0,0.94,clear sky
318,Belmonte,BR,-15.8631,-38.8828,79.3,83,8,11.16,clear sky
319,Natchez,US,31.5604,-91.4032,55.62,52,0,6.91,clear sky
320,Eureka,US,40.8021,-124.1637,54.25,83,100,0.54,overcast clouds
321,Gat,IL,31.61,34.7642,48.4,66,96,6.26,overcast clouds
322,Bonthe,SL,7.5264,-12.505,76.05,90,2,2.3,clear sky
323,Asau,RO,46.4333,26.4,33.28,71,100,15.12,overcast clouds
324,Hitachi,JP,36.6,140.65,40.75,38,2,13.62,clear sky
325,Casas Grandes,MX,30.3667,-107.95,53.53,30,2,13.51,clear sky
326,Princeton,US,25.5384,-80.4089,55.42,54,0,6.91,clear sky
327,Esik,KZ,43.3552,77.4525,15.22,60,93,6.53,overcast clouds
328,Elizabeth City,US,36.2946,-76.2511,35.62,62,0,5.75,clear sky
329,Terney,RU,45.0503,136.6092,7.2,64,0,10.78,clear sky
330,Lasa,IT,46.6166,10.7002,44.06,36,4,5.37,clear sky
331,Kropotkin,RU,45.4375,40.5756,30.2,86,100,7.27,overcast clouds
332,Kavaratti,IN,10.5669,72.642,81.16,71,3,6.13,clear sky
333,Santa Maria,BR,-29.6842,-53.8069,70.74,74,0,5.77,clear sky
334,Tamboril,DO,19.4854,-70.611,70.57,94,100,0.0,thunderstorm
335,Poum,NC,-20.2333,164.0167,80.49,74,100,9.78,overcast clouds
336,Manicore,BR,-5.8092,-61.3003,72.77,93,100,2.26,overcast clouds
337,Guerrero Negro,MX,27.9769,-114.0611,61.84,60,9,12.97,clear sky
338,Kirakira,SB,-10.4544,161.9205,84.0,76,95,5.77,light rain
339,Lokosovo,RU,61.1333,74.8167,6.73,96,100,6.02,overcast clouds
340,Adrar,MR,20.5022,-10.0711,71.87,13,99,12.12,overcast clouds
341,Maceio,BR,-9.6658,-35.7353,80.04,89,20,4.61,few clouds
342,Hede,CN,33.7681,120.2517,37.92,59,73,7.38,broken clouds
343,Kalga,RU,50.9251,118.898,-10.03,92,14,3.74,few clouds
344,Bethanien,NA,-26.502,17.1583,74.91,54,25,2.8,light rain
345,Taihe,CN,30.8712,105.3845,43.48,73,99,0.96,moderate rain
346,Taua,BR,-5.9667,-40.3,73.67,66,36,3.11,scattered clouds
347,Samarai,PG,-10.6167,150.6667,83.62,69,100,9.71,overcast clouds
348,Sao Joao Da Barra,BR,-21.6403,-41.0511,75.13,91,100,6.33,moderate rain
349,Umm Kaddadah,SD,13.6017,26.6876,56.59,18,0,16.89,clear sky
350,Nisia Floresta,BR,-6.0911,-35.2086,79.61,87,6,5.32,clear sky
351,Abakaliki,NG,6.3163,8.1169,74.73,17,100,6.26,overcast clouds
352,Raudeberg,NO,61.9875,5.1352,32.67,71,100,3.0,overcast clouds
353,Itacare,BR,-14.2775,-38.9967,82.29,86,10,7.02,clear sky
354,Kieta,PG,-6.2167,155.6333,85.95,69,100,7.52,overcast clouds
355,Neuquen,AR,-38.9516,-68.0591,71.49,26,0,11.5,clear sky
356,Smolenka,RU,52.1352,113.4974,-27.33,68,20,0.0,few clouds
357,Rio Grande,BR,-32.035,-52.0986,72.95,75,0,19.75,clear sky
358,Shizunai,JP,42.3339,142.3669,21.0,60,31,7.49,scattered clouds
359,Scottsbluff,US,41.8666,-103.6672,45.72,35,0,1.01,clear sky
360,Concarneau,FR,47.875,-3.9225,51.82,78,100,12.03,overcast clouds
361,Portoferraio,IT,42.8115,10.3146,51.1,75,0,6.31,clear sky
362,Chunoyar,RU,57.4467,97.3217,-9.27,100,99,1.12,overcast clouds
363,Santiago De Cao,PE,-7.9589,-79.2392,66.33,82,75,10.36,broken clouds
364,Lindon,US,40.3433,-111.7208,40.39,51,0,1.99,clear sky
365,Eau Claire,US,44.8114,-91.4985,19.17,80,0,1.99,clear sky
366,Ugoofaaru,MV,5.6667,73.0,82.15,74,87,12.3,overcast clouds
367,Beira,MZ,-19.8436,34.8389,74.77,80,0,0.98,clear sky
368,Murgab,TM,37.4966,61.9714,33.67,80,0,4.61,clear sky
369,Miandrivazo,MG,-19.5167,45.4667,78.03,80,0,1.77,clear sky
370,Naze,JP,28.3667,129.4833,54.52,60,100,17.38,overcast clouds
371,Aklavik,CA,68.2191,-135.0107,4.03,94,100,2.26,overcast clouds
372,Safranbolu,TR,41.2508,32.6942,30.27,98,100,1.79,light snow
373,Urumqi,CN,43.801,87.6005,-6.65,84,75,2.24,mist
374,Tallahassee,US,30.4383,-84.2807,53.64,72,0,6.91,clear sky
375,Sengiley,RU,53.9622,48.7944,19.47,96,100,5.46,overcast clouds
376,Eugene,US,44.0521,-123.0867,56.37,71,100,1.01,overcast clouds
377,Bodden Town,KY,19.2833,-81.25,69.93,61,75,5.01,broken clouds
378,Lyngseidet,NO,69.5763,20.2189,24.89,67,74,10.33,broken clouds
379,Taoudenni,ML,22.6783,-3.9836,70.09,12,43,19.93,scattered clouds
380,Chardara,KZ,41.2547,67.9692,32.67,58,28,9.73,scattered clouds
381,Morondava,MG,-20.2833,44.2833,79.38,73,0,5.39,clear sky
382,Acapulco,MX,16.8634,-99.8901,80.42,78,20,6.91,few clouds
383,Camacha,PT,33.0833,-16.3333,61.56,82,20,19.57,few clouds
384,Bedele,ET,8.456,36.353,55.33,58,43,3.42,scattered clouds
385,Uchiza,PE,-8.4592,-76.4633,70.77,98,100,1.54,overcast clouds
386,Lamu,KE,-2.2717,40.902,77.22,85,72,9.89,broken clouds
387,Ulaangom,MN,49.9811,92.0667,-26.12,93,95,2.89,overcast clouds
388,Codrington,AU,-38.2667,141.9667,81.41,49,5,5.93,clear sky
389,Fortuna,US,40.5982,-124.1573,54.19,82,20,0.0,few clouds
390,Ardmore,US,34.1743,-97.1436,60.03,22,0,1.99,clear sky
391,Isangel,VU,-19.55,169.2667,82.51,83,75,4.61,broken clouds
392,Lubango,AO,-14.9172,13.4925,56.79,68,97,4.9,overcast clouds
393,Hazorasp,UZ,41.3194,61.0742,22.84,68,100,9.44,overcast clouds
394,Tula,RU,54.2044,37.6111,24.46,96,97,8.52,light snow
395,Antofagasta,CL,-23.65,-70.4,65.48,83,56,4.09,broken clouds
396,Jinchang,CN,38.4953,102.1739,15.58,43,100,6.04,overcast clouds
397,Half Moon Bay,US,37.4636,-122.4286,61.18,79,40,1.99,scattered clouds
398,Baruun-Urt,MN,46.6806,113.2792,-7.1,93,11,4.34,few clouds
399,Ginir,ET,7.1333,40.7,54.97,23,78,3.87,broken clouds
400,Desnogorsk,RU,54.1508,33.2815,29.48,97,100,7.85,light snow
401,Taksimo,RU,56.3444,114.8794,-19.16,94,91,1.25,overcast clouds
402,Port Keats,AU,-14.25,129.55,84.0,77,99,24.16,overcast clouds
403,Kyra,RU,49.5776,111.9753,-10.59,92,11,4.41,few clouds
404,Sola,VU,-13.8833,167.55,78.24,84,100,10.11,overcast clouds
405,Anadyr,RU,64.75,177.4833,-12.5,83,100,8.95,fog
406,Shache,CN,38.4167,77.2406,26.71,40,100,2.26,overcast clouds
407,Cinco Esquinas,CR,10.1037,-84.1678,61.57,68,20,16.11,few clouds
408,Mount Isa,AU,-20.7333,139.5,83.97,79,75,6.91,broken clouds
409,Dunedin,NZ,-45.8742,170.5036,68.5,68,11,8.97,few clouds
410,Jacareacanga,BR,-6.2222,-57.7528,71.35,98,100,1.59,overcast clouds
411,Novobirilyussy,RU,56.9514,90.6661,-9.51,97,65,3.09,broken clouds
412,Aripuana,BR,-9.1667,-60.6333,71.58,99,100,2.15,light rain
413,Idrinskoye,RU,54.3708,92.1358,-15.3,100,41,2.28,scattered clouds
414,Burnie,AU,-41.0667,145.9167,73.94,71,62,6.73,broken clouds
415,Nanzhang,CN,31.7765,111.8386,40.6,71,100,1.77,overcast clouds
416,Te Anau,NZ,-45.4167,167.7167,72.99,59,90,3.91,overcast clouds
417,Odweyne,SO,9.4092,45.064,59.49,31,45,8.12,scattered clouds
418,Kalmunai,LK,7.4167,81.8167,76.01,87,44,4.36,scattered clouds
419,Katsuura,JP,35.1333,140.3,42.91,42,100,11.41,overcast clouds
420,Mizdah,LY,31.4451,12.9801,42.51,67,0,7.38,clear sky
421,Micheweni,TZ,-4.9667,39.8333,79.38,77,100,9.82,overcast clouds
422,Acarau,BR,-2.8856,-40.12,78.75,84,100,10.8,overcast clouds
423,Margate,GB,51.3813,1.3862,46.96,79,60,11.01,broken clouds
424,Balykshi,KZ,47.0667,51.8667,23.0,93,100,0.0,fog
425,Radzyn Podlaski,PL,51.7833,22.6167,36.25,95,99,20.4,light snow
426,Nola,IT,40.922,14.5329,55.54,83,94,1.99,overcast clouds
427,Nienburg,DE,52.6333,9.2167,39.49,80,100,9.71,light rain
428,Yelnya,RU,54.5786,33.1837,28.72,98,100,6.08,snow
429,Zharkent,KZ,44.1628,80.0,22.06,73,73,4.65,broken clouds
430,Agapovka,RU,53.2973,59.1348,15.01,95,100,10.47,overcast clouds
431,Fare,PF,-16.7,-151.0167,80.91,70,11,8.88,few clouds
432,Ware,GB,51.8126,-0.0283,47.82,74,12,1.99,few clouds
433,Sheridan,US,44.8333,-106.9173,42.98,39,0,3.44,clear sky
434,Necochea,AR,-38.5473,-58.7368,62.04,65,100,22.88,overcast clouds
435,Macau,MO,22.2006,113.5461,54.93,76,40,19.57,scattered clouds
436,Sept-Iles,CA,50.2001,-66.3821,9.05,68,25,8.01,scattered clouds
437,Mantua,IT,45.1667,10.7833,38.44,79,6,5.7,clear sky
438,Xai-Xai,MZ,-25.0519,33.6442,73.15,84,67,3.4,broken clouds
439,Sembe,CG,1.6481,14.5806,70.02,30,98,0.76,overcast clouds
440,Kutum,SD,14.2,24.6667,51.31,18,4,8.9,clear sky
441,Yar-Sale,RU,66.8333,70.8333,-2.29,94,96,8.23,overcast clouds
442,Russell,US,32.3502,-85.1999,53.2,64,0,0.0,clear sky
443,Cabedelo,BR,-6.9811,-34.8339,79.47,76,1,10.0,clear sky
444,Harper,LR,4.375,-7.7169,78.84,85,76,5.03,broken clouds
445,Mayor Pablo Lagerenza,PY,-19.9309,-60.7718,80.06,52,5,6.33,clear sky
446,San Ramon De La Nueva Oran,AR,-23.1322,-64.326,80.35,53,24,2.53,few clouds
447,Luanda,AO,-8.8368,13.2343,76.77,87,100,7.29,overcast clouds
448,Bykovo,RU,55.6361,38.0803,27.01,93,75,11.18,light snow
449,Maskinonge,CA,46.2286,-73.0192,12.74,66,100,11.5,overcast clouds
450,Qui Nhon,VN,13.7667,109.2333,76.39,82,92,6.91,overcast clouds
451,Trincomalee,LK,8.5711,81.2335,80.13,73,65,12.75,broken clouds
452,Rio Branco,BR,-9.9747,-67.81,72.21,100,100,0.0,overcast clouds
453,Zhangye,CN,38.9342,100.4517,16.48,38,97,3.15,overcast clouds
454,Goundam,ML,16.4145,-3.6708,71.87,15,2,10.04,clear sky
455,Saint Cloud,US,45.5608,-94.1625,17.44,76,0,6.91,clear sky
456,Phonhong,LA,18.5007,102.4166,71.42,74,99,1.03,overcast clouds
457,Port Blair,IN,11.6667,92.75,68.04,88,40,0.0,mist
458,Lucapa,AO,-8.4192,20.7447,65.55,95,100,1.66,light rain
459,Kasangulu,CD,-4.5911,15.1708,71.29,94,56,3.11,broken clouds
460,Soledade,BR,-28.8183,-52.5103,62.71,94,0,6.69,clear sky
461,Constantine,DZ,36.365,6.6147,35.01,80,0,2.3,clear sky
462,Kungurtug,RU,50.5994,97.5228,-24.14,97,19,1.48,few clouds
463,Mabaruma,GY,8.2,-59.7833,71.73,91,85,3.0,overcast clouds
464,Hokitika,NZ,-42.7167,170.9667,68.95,59,2,5.93,clear sky
465,Krasnoselkup,RU,65.7,82.4667,3.81,94,100,9.15,overcast clouds
466,Slavyanka,RU,42.8633,131.3847,16.79,57,0,5.28,clear sky
467,Moses Lake,US,47.1301,-119.2781,31.6,86,100,3.44,mist
468,Kuytun,RU,54.3419,101.5036,-8.14,99,100,2.37,overcast clouds
469,Clarksburg,US,39.2807,-80.3445,30.31,58,75,3.44,broken clouds
470,Mbinga,TZ,-10.9333,35.0167,59.68,97,86,1.86,overcast clouds
471,Seagoville,US,32.6396,-96.5383,65.35,27,0,8.05,clear sky
472,Tyrma,RU,50.0833,132.1667,-12.55,94,55,0.81,broken clouds
473,Jiujiang,CN,29.7333,115.9833,39.79,76,100,3.09,overcast clouds
474,Dudinka,RU,69.4058,86.1778,-14.8,99,100,8.52,overcast clouds
475,Asfi,MA,32.2994,-9.2372,64.18,47,22,9.1,few clouds
476,Semirom,IR,31.4167,51.5667,20.07,76,15,4.34,few clouds
477,Kualakapuas,ID,-3.0091,114.3876,84.36,72,100,2.1,overcast clouds
478,Gimli,CA,50.6336,-96.9907,14.02,79,100,12.66,overcast clouds
479,Teknaf,BD,20.8624,92.3058,57.49,67,70,7.78,broken clouds
480,Tautira,PF,-17.7333,-149.15,86.02,75,97,11.25,light rain
481,Chalons-En-Champagne,FR,48.9539,4.3672,42.87,98,100,10.87,overcast clouds
482,Kruisfontein,ZA,-34.0033,24.7314,64.89,96,100,3.13,overcast clouds
483,Palmer,US,42.1584,-72.3287,11.86,68,0,0.0,clear sky
484,Kitimat,CA,54.0524,-128.6534,36.91,66,100,3.74,overcast clouds
485,Muros,ES,42.7762,-9.0603,51.84,77,0,6.87,clear sky
486,Christchurch,NZ,-43.5333,172.6333,72.48,64,57,8.99,broken clouds
487,Bunia,CD,1.5667,30.25,70.63,42,100,2.51,overcast clouds
488,Gushikawa,JP,26.3544,127.8686,58.62,60,100,9.22,overcast clouds
489,Mayo,US,38.8876,-76.5119,31.19,60,100,3.0,overcast clouds
490,Vyartsilya,RU,62.1764,30.693,19.04,94,100,7.4,light snow
491,Kaeo,NZ,-35.1,173.7833,72.32,81,100,14.94,overcast clouds
492,Sampit,ID,-2.5333,112.95,79.32,72,100,1.81,overcast clouds
493,Nortelandia,BR,-14.4547,-56.8028,72.27,98,100,6.15,overcast clouds
494,Bongandanga,CD,1.5,21.05,68.36,36,100,1.32,overcast clouds
495,Cherskiy,RU,68.75,161.3,-28.52,99,32,1.61,scattered clouds
496,Hofn,IS,64.2539,-15.2082,27.1,47,100,19.75,overcast clouds
497,Lukovetskiy,RU,64.2956,41.9211,15.78,97,100,3.89,light snow
498,Usinsk,RU,65.9939,57.5281,9.45,94,100,11.61,overcast clouds
499,Damghan,IR,36.1683,54.348,33.03,44,0,1.81,clear sky
500,Oranjemund,NA,-28.55,16.4333,65.73,88,100,6.11,overcast clouds
501,Stepnogorsk,KZ,52.3544,71.8869,10.44,92,98,14.27,overcast clouds
502,Caravelas,BR,-17.7125,-39.2481,79.41,84,100,11.43,overcast clouds
503,Honningsvag,NO,70.9821,25.9704,34.03,58,100,15.3,light snow
504,Ancud,CL,-41.8697,-73.8203,53.42,70,32,7.96,scattered clouds
505,Chapais,CA,49.7834,-74.8492,-7.82,93,98,6.73,overcast clouds
506,Ucluelet,CA,48.9329,-125.5528,44.1,85,100,8.01,overcast clouds
507,Effingham,US,32.3669,-81.3332,50.45,56,0,7.47,clear sky
508,Tevaitoa,PF,-16.7833,-151.5,80.67,71,10,10.94,clear sky
509,Nizhniy Kuranakh,RU,58.8353,125.4869,-8.57,98,100,3.38,overcast clouds
510,Narowal,PK,32.1,74.8833,48.18,69,6,2.44,clear sky
511,Colon,PA,9.3592,-79.9014,79.45,67,1,11.99,clear sky
512,Lerwick,GB,60.1545,-1.1494,39.2,98,100,2.68,overcast clouds
513,Mandera,KE,3.9366,41.867,76.37,28,100,7.16,overcast clouds
514,Yeppoon,AU,-23.1333,150.7333,87.58,67,47,10.33,scattered clouds
515,Itarema,BR,-2.9248,-39.9167,79.16,83,100,11.86,overcast clouds
516,Port Shepstone,ZA,-30.7414,30.455,72.46,85,100,11.68,overcast clouds
517,Novobiryusinskiy,RU,56.9578,97.7076,-8.97,100,83,0.76,broken clouds
518,Korla,CN,41.7597,86.1469,22.87,58,100,3.49,overcast clouds
519,Dhemaji,IN,27.4833,94.5833,50.07,64,7,3.98,clear sky
520,Dublin,US,37.7021,-121.9358,60.71,66,0,3.0,clear sky
521,Lavrentiya,RU,65.5833,-171.0,-6.16,92,13,3.76,few clouds
522,Bahia Honda,CU,22.9036,-83.1592,57.0,69,1,8.03,clear sky
523,Santa Rosa,PH,14.3122,121.1114,86.09,67,76,13.98,broken clouds
524,Vestmanna,FO,62.1564,-7.1664,32.92,51,75,27.63,broken clouds
525,Tromso,NO,69.6496,18.957,24.82,68,40,3.0,scattered clouds
526,Khor,RU,47.8861,134.9464,-14.78,98,61,3.11,broken clouds
527,Sekoma,BW,-24.4,23.8833,66.99,90,100,11.61,moderate rain
528,Ayagoz,KZ,47.9714,80.4392,4.57,100,99,1.5,overcast clouds
529,Novyy Urengoy,RU,66.0833,76.6333,-0.18,98,100,7.14,overcast clouds
530,Moron,AR,-34.6534,-58.6198,80.98,58,8,3.0,clear sky
531,Antsohihy,MG,-14.8796,47.9875,74.82,93,33,3.27,scattered clouds
532,Rodeo,US,38.033,-122.2669,60.19,72,0,1.99,clear sky
533,Iqaluit,CA,63.7506,-68.5145,-25.31,74,0,5.01,clear sky
534,Strezhevoy,RU,60.7333,77.5889,8.58,96,100,9.04,overcast clouds
535,Baghdad,IQ,33.3406,44.4009,40.91,70,0,4.61,clear sky
536,Pine Bluff,US,34.2284,-92.0032,51.87,50,0,5.01,clear sky
537,Pyu,MM,18.4833,96.4333,59.4,69,79,2.21,broken clouds
538,Tres De Maio,BR,-27.7733,-54.24,76.71,51,33,3.76,scattered clouds
539,Salta,AR,-24.7859,-65.4117,71.89,74,40,5.75,scattered clouds
540,Nassau,US,40.7507,-73.5829,24.93,64,0,1.99,clear sky
541,Egvekinot,RU,66.3167,-179.1667,0.77,69,81,7.96,broken clouds
542,Kampong Cham,KH,11.9934,105.4635,77.79,74,15,8.5,few clouds
543,Maragogi,BR,-9.0122,-35.2225,78.39,82,29,6.46,scattered clouds
544,Sao Gabriel,BR,-30.3364,-54.32,72.9,63,0,9.4,clear sky
545,Puerto Leguizamo,CO,-0.1934,-74.7819,81.19,61,100,2.51,overcast clouds
546,Pudozh,RU,61.8099,36.5345,15.49,93,100,6.55,overcast clouds
547,Chumikan,RU,54.7183,135.315,-0.58,80,100,19.37,overcast clouds
548,Coxquihui,MX,20.1833,-97.5833,64.89,88,86,2.26,overcast clouds
549,Dolores,AR,-36.3132,-57.6792,68.77,71,92,2.15,light rain
550,Horodok,UA,49.1637,26.5839,37.22,91,100,20.89,overcast clouds
551,Canete,CL,-37.8,-73.4,54.36,75,4,8.57,clear sky
552,Keetmanshoop,NA,-26.5833,18.1333,74.32,73,69,5.75,broken clouds
553,Salym,RU,60.0625,71.4789,4.75,96,100,5.26,overcast clouds
554,Jaru,BR,-10.4389,-62.4664,71.55,97,100,2.95,overcast clouds
555,Hualmay,PE,-11.0964,-77.6139,70.7,84,100,9.46,overcast clouds
556,Launceston,AU,-41.45,147.1667,80.62,57,14,3.0,few clouds
557,Minsk Mazowiecki,PL,52.1794,21.5725,36.25,83,100,24.81,light snow
558,Cuenca,EC,-2.8833,-78.9833,57.33,88,75,8.05,broken clouds
559,Prince Albert,CA,53.2001,-105.7677,22.95,93,75,4.61,broken clouds
560,Banjar,ID,-8.19,114.9675,84.06,82,100,3.67,overcast clouds
561,Mundo Nuevo,MX,18.7,-95.5,68.47,82,10,7.11,clear sky
562,Penzance,GB,50.1186,-5.5371,48.88,79,100,23.33,overcast clouds
563,Tilichiki,RU,60.4667,166.1,18.52,83,100,8.88,overcast clouds
564,Zeya,RU,53.75,127.2667,0.0,72,27,2.55,scattered clouds
565,Ilulissat,GL,69.2167,-51.1,-8.77,74,14,11.39,few clouds
566,Tocopilla,CL,-22.092,-70.1979,66.81,74,13,4.81,few clouds
567,Ipora,BR,-16.4419,-51.1178,68.79,97,100,5.19,overcast clouds
568,Fernandopolis,BR,-20.2839,-50.2464,70.92,91,100,7.2,moderate rain
569,Tura,IN,25.5198,90.2201,50.92,62,0,3.56,clear sky
570,Bonnyville,CA,54.2668,-110.735,28.2,97,100,2.35,overcast clouds
571,Aguai,BR,-22.0594,-46.9786,67.87,98,100,3.6,light rain
572,Port Hueneme,US,34.1478,-119.1951,67.15,58,0,6.91,clear sky
573,Hamilton,US,39.1834,-84.5333,31.84,71,20,1.01,few clouds
574,Basar,IN,27.9833,94.6667,44.06,80,5,2.26,clear sky
575,Byron Bay,AU,-28.65,153.6167,86.11,68,47,9.84,scattered clouds
576,Joue-Les-Tours,FR,47.3522,0.6691,43.14,81,75,6.91,broken clouds
577,Araguaina,BR,-7.1911,-48.2072,71.69,94,32,2.77,scattered clouds
578,Chanika,TZ,-5.4167,38.0167,69.24,98,100,2.55,light rain
579,Coolum Beach,AU,-26.5333,153.1,85.33,79,53,8.97,broken clouds
580,Pisco,PE,-13.7,-76.2167,71.65,56,75,5.75,broken clouds
581,Margherita,IN,27.2833,95.6833,49.48,79,7,1.97,clear sky
582,Tosya,TR,41.0155,34.0401,24.58,91,100,3.89,overcast clouds
583,Benguela,AO,-12.5763,13.4055,75.49,82,100,4.0,overcast clouds
584,Shipunovo,RU,52.1582,82.2173,0.32,98,80,5.01,broken clouds
585,Ruzhyn,UA,49.7228,29.2046,30.49,89,100,21.09,overcast clouds
586,Faya,SA,18.3851,42.4509,52.32,71,10,4.63,clear sky
587,Marystown,CA,47.1666,-55.1483,36.86,100,100,5.99,overcast clouds
588,Koungou,YT,-12.7336,45.2042,76.71,88,0,3.44,clear sky
589,Payo,ID,-3.7508,103.6372,75.54,93,100,0.47,overcast clouds
590,Bisho,ZA,-32.8472,27.4422,65.55,93,100,4.25,overcast clouds
591,Vallenar,CL,-28.5708,-70.7581,67.91,62,0,3.49,clear sky
592,Ahtopol,BG,42.1,27.95,39.67,71,16,11.59,few clouds
593,Safaga,EG,26.7292,33.9365,58.96,45,100,9.4,overcast clouds
594,Muroto,JP,33.2833,134.15,48.24,49,3,14.32,clear sky
595,Ketchikan,US,55.3422,-131.6461,35.58,93,100,5.75,mist
596,San Fernando,PH,15.0286,120.6898,84.22,71,97,7.25,overcast clouds
597,Sistranda,NO,63.7256,8.834,32.9,72,100,8.28,overcast clouds
598,Touros,BR,-5.1989,-35.4608,79.7,79,1,10.33,clear sky
599,Abha,SA,18.2164,42.5053,52.05,76,0,11.5,clear sky
600,Kahului,US,20.8947,-156.47,84.22,54,20,16.11,few clouds
601,Kuala Kedah,MY,6.1,100.3,80.58,94,20,3.44,few clouds
602,Limoges,FR,45.75,1.3333,43.36,75,100,5.75,overcast clouds
603,Mulege,MX,26.8833,-111.9833,64.04,44,99,5.55,overcast clouds
604,Nazarovo,RU,56.0064,90.3914,-14.44,96,42,3.67,scattered clouds
605,Zhezkazgan,KZ,47.8043,67.7144,19.38,93,100,2.24,overcast clouds
606,De-Kastri,RU,51.4667,140.7833,-1.95,94,100,12.21,overcast clouds
607,Pimenta Bueno,BR,-11.6725,-61.1936,71.06,99,100,2.51,overcast clouds
608,Ostrovnoy,RU,68.0531,39.5131,6.73,97,97,7.96,overcast clouds
609,Yushan,CN,31.3776,120.9543,43.99,56,18,2.39,few clouds
610,Zhangjiakou,CN,40.81,114.8794,12.76,56,55,15.43,snow
611,Manggar,ID,-2.8833,108.2667,82.13,72,100,8.3,overcast clouds
612,Maniitsoq,GL,65.4167,-52.9,7.79,73,100,16.28,overcast clouds
613,San Luis,AR,-33.295,-66.3356,77.16,35,45,14.5,scattered clouds
614,Kemijarvi,FI,66.7131,27.4306,-1.25,99,99,2.42,overcast clouds
615,Luderitz,NA,-26.6481,15.1594,64.18,90,66,10.11,broken clouds
616,Watertown,US,42.3709,-71.1828,17.01,71,0,6.91,clear sky
617,Maneadero,MX,31.7167,-116.5667,60.1,77,0,1.01,clear sky
618,Emerald,AU,-23.5333,148.1667,87.35,49,47,9.4,scattered clouds
619,Nalut,LY,30.3333,10.85,41.31,53,0,1.07,clear sky
620,Sabang,ID,5.8933,95.3214,80.89,76,95,7.87,overcast clouds
621,Omsukchan,RU,62.5333,155.8,-12.86,98,83,6.13,broken clouds
622,Toledo,ES,39.8333,-4.0,48.07,32,0,3.98,clear sky
623,Nantucket,US,41.2835,-70.0995,21.31,54,0,11.5,clear sky
624,Kumla,SE,59.1277,15.1434,30.15,55,0,8.05,clear sky
625,Sabha,LY,27.0377,14.4283,44.67,52,0,6.73,clear sky
626,Ennis,IE,52.8436,-8.9864,46.33,76,75,14.97,broken clouds
627,Karangampel,ID,-6.4622,108.4519,79.2,84,100,7.43,overcast clouds
628,Itapora,BR,-22.0799,-54.7874,72.16,93,0,4.81,clear sky
629,Conceicao Do Araguaia,BR,-8.2578,-49.2647,72.79,94,100,3.29,overcast clouds
630,Campo Verde,BR,-20.4167,-54.0667,76.21,94,100,8.32,overcast clouds
631,Amapa,BR,1.0,-52.0,71.11,99,100,2.21,overcast clouds
632,Bobrovytsya,UA,50.75,31.3833,33.67,96,100,13.65,light snow
633,Tezu,IN,27.9167,96.1667,51.64,52,3,3.42,clear sky
634,Buchanan,LR,5.8808,-10.0467,78.8,88,1,2.26,clear sky
635,San Jose Del Palmar,CO,4.9742,-76.2283,71.26,99,100,0.83,overcast clouds
636,Valmiera,LV,57.5411,25.4275,30.16,96,100,10.76,light snow
637,Boguchany,RU,58.3814,97.4531,-11.61,100,100,0.67,overcast clouds
638,Kamaishi,JP,39.2667,141.8833,29.35,47,83,10.76,broken clouds
639,Vilhena,BR,-12.7406,-60.1458,68.11,99,100,4.5,overcast clouds
640,Ocos,GT,14.5094,-92.1933,81.73,67,31,6.24,scattered clouds
641,Khovu-Aksy,RU,51.1333,93.6,-16.73,86,2,4.14,clear sky
642,Ust-Omchug,RU,61.15,149.6333,-6.5,97,100,8.1,overcast clouds
643,Aasiaat,GL,68.7098,-52.8699,-9.13,96,90,10.33,overcast clouds
644,Statesboro,US,32.4488,-81.7832,50.31,40,0,4.61,clear sky
645,Zhanaozen,KZ,43.3,52.8,38.19,66,100,13.62,overcast clouds
646,Pathein,MM,16.7833,94.7333,65.23,74,26,5.1,scattered clouds
647,Richards Bay,ZA,-28.783,32.0377,70.5,88,100,6.11,overcast clouds
648,Mwinilunga,ZM,-11.7358,24.4293,62.6,98,100,3.36,overcast clouds
649,Xuddur,SO,4.1213,43.8894,66.63,71,99,14.0,overcast clouds
650,Winslow,US,35.0242,-110.6974,48.38,43,0,0.0,clear sky
651,Turbat,PK,26.0023,63.044,65.57,57,0,1.57,clear sky
652,Burgeo,CA,47.6167,-57.6152,26.94,75,100,26.93,overcast clouds
653,Aykhal,RU,66.0,111.5,-22.47,100,56,4.16,broken clouds
654,Ojinaga,MX,29.5667,-104.4167,68.95,32,0,0.0,clear sky
655,Marihatag,PH,8.7936,126.2969,81.19,74,100,2.21,overcast clouds
656,Vokhtoga,RU,58.8147,41.0461,15.46,95,100,7.43,overcast clouds
657,Dondo,MZ,-19.6094,34.7431,70.41,91,0,2.35,clear sky
658,Mehamn,NO,71.0357,27.8492,29.3,72,77,10.09,snow
659,Kamyshin,RU,50.0983,45.416,22.35,98,100,7.05,light snow
660,Kota Kinabalu,MY,5.9749,116.0724,82.38,83,20,3.44,few clouds
661,Vitim,RU,59.4511,112.5578,-5.17,98,100,3.85,overcast clouds
662,Mamurras,AL,41.5775,19.6922,28.54,80,0,3.44,clear sky
663,Staicele,LV,57.8364,24.75,28.38,95,100,12.33,light snow
664,Yatou,CN,37.15,122.3833,38.39,63,99,13.67,overcast clouds
665,Qaqortoq,GL,60.7167,-46.0333,18.1,86,100,19.75,snow
666,Darovskoy,RU,58.77,47.9564,3.43,100,100,3.78,overcast clouds
667,Abapo,BO,-18.8333,-63.4667,69.8,49,0,2.01,clear sky
668,Dakar,SN,14.6937,-17.4441,70.68,79,100,21.88,overcast clouds
669,Shushtar,IR,32.0455,48.8567,46.33,38,91,3.38,overcast clouds
670,Hope,US,33.6671,-93.5916,53.65,46,10,3.47,clear sky
671,Ust-Kuyga,RU,70.0167,135.6,-36.98,100,95,3.98,overcast clouds
672,Marfino,RU,55.7028,37.3822,26.55,92,75,8.95,light snow
673,Falesti,MD,47.5736,27.7092,39.06,66,99,22.08,overcast clouds
674,Elkhart,US,41.5823,-85.8344,27.03,73,100,0.0,overcast clouds
675,Vydrino,RU,51.485,104.8461,0.99,88,86,2.3,overcast clouds
676,Chicama,PE,-7.8447,-79.1469,64.94,76,100,6.15,overcast clouds
677,Bristol,US,41.8334,-71.1662,17.42,64,0,1.99,clear sky
678,Rancho Palos Verdes,US,33.7445,-118.387,66.51,64,0,1.01,clear sky
679,Tabug,PH,18.0343,120.5488,76.44,73,75,2.3,broken clouds
680,New Delhi,IN,28.6128,77.2311,50.16,93,0,0.0,fog
